<?xml version="1.0" encoding="UTF-8"?>
<beans xmlns="http://www.springframework.org/schema/beans"
	xmlns:xsi="http://www.w3.org/2001/XMLSchema-instance"
	xmlns:context="http://www.springframework.org/schema/context"
	xmlns:mvc="http://www.springframework.org/schema/mvc"
	xsi:schemaLocation="http://www.springframework.org/schema/mvc https://www.springframework.org/schema/mvc/spring-mvc-4.3.xsd
		http://www.springframework.org/schema/beans https://www.springframework.org/schema/beans/spring-beans-4.3.xsd
		http://www.springframework.org/schema/context https://www.springframework.org/schema/context/spring-context-4.3.xsd">

	<context:component-scan base-package="tot" />
	
	<!-- Enable Spring MVC annotations -->
	<mvc:annotation-driven />
	
	<mvc:interceptors>
        <bean class="tot.conf.AuthInterceptor" />
    </mvc:interceptors>
	
	<!-- ViewResolver -->
	<bean id="viewResolver" class="org.springframework.web.servlet.view.InternalResourceViewResolver">
		<property name="prefix" value="/jsp/" />
		<property name="suffix" value=".jsp" />
	</bean>
	
	<!-- MultipartResolver -->
	<bean id="multipartResolver"
		class="org.springframework.web.multipart.commons.CommonsMultipartResolver">
		<property name="maxUploadSize" value="104857600"></property> <!-- 100MB -->
		<property name="maxUploadSizePerFile" value="10485760"></property> <!-- 10MB -->
	</bean>
	
	<bean class="org.springframework.beans.factory.config.PropertyPlaceholderConfigurer">
    	<property name="location">
        	<value>classpath:/props/db.properties</value>
    	</property>
	</bean>
	
</beans>
