<?xml version="1.0" encoding="UTF-8"?>
<Configuration status="WARN">
    <Appenders>
        <Console name="Console" target="SYSTEM_OUT">
            <PatternLayout pattern="%d{HH:mm:ss.SSS} [%t] %-5level %logger{36} - %msg%n"/>
        </Console>
    </Appenders>

    <Loggers>
        <!-- MyBatis 및 관련 SQL 로그 -->
        <Logger name="org.mybatis" level="DEBUG" additivity="false">
            <AppenderRef ref="Console"/>
        </Logger>
        <Logger name="java.sql" level="DEBUG" additivity="false">
            <AppenderRef ref="Console"/>
        </Logger>
        <Logger name="javax.sql" level="DEBUG" additivity="false">
            <AppenderRef ref="Console"/>
        </Logger>
        <Logger name="org.apache.ibatis" level="DEBUG" additivity="false">
            <AppenderRef ref="Console"/>
        </Logger>

        <!-- Spring JDBC 관련 로그 -->
        <Logger name="org.springframework.jdbc.core" level="DEBUG" additivity="false">
            <AppenderRef ref="Console"/>
        </Logger>
        <Logger name="org.springframework.jdbc.core.JdbcTemplate" level="TRACE" additivity="false">
            <AppenderRef ref="Console"/>
        </Logger>

        <!-- 기본 Root Logger 설정 -->
        <Root level="TRACE">
            <AppenderRef ref="Console"/>
        </Root>
    </Loggers>
</Configuration>
