<?xml version="1.0" encoding="UTF-8" ?>
<!DOCTYPE configuration PUBLIC "-//mybatis.org//DTD MyBatis Configuration 3.0//EN" "http://mybatis.org/dtd/mybatis-3-config.dtd">
<configuration>
    
    <properties resource="props/db.properties" />
    
    <settings>
        <setting name="jdbcTypeForNull" value="VARCHAR"/>
        <setting name="logImpl" value="LOG4J2"/> <!-- Log4j 2 사용 -->
    </settings>  
    
    <typeAliases>
    	<typeAlias alias="VO" type="tot.domain.VO"/>
    	<typeAlias alias="Member" type="tot.domain.Member"/>
    	<typeAlias alias="Notice" type="tot.domain.Notice"/>
    	<typeAlias alias="PageDTO" type="tot.common.page.PageDTO"/>
    	<typeAlias alias="PageReqDTO" type="tot.common.page.PageReqDTO"/>
    	<typeAlias alias="PageResDTO" type="tot.common.page.PageResDTO"/>
    	<typeAlias alias="Qna" type="tot.domain.Qna"/>    	 	    	
    	<typeAlias alias="QnaComment" type="tot.domain.QnaComment"/>    	 	    	
    </typeAliases>
    
</configuration>
