<?xml version="1.0" encoding="UTF-8"?>
<beans xmlns="http://www.springframework.org/schema/beans"
	xmlns:xsi="http://www.w3.org/2001/XMLSchema-instance"
	xmlns:context="http://www.springframework.org/schema/context"
	xmlns:mvc="http://www.springframework.org/schema/mvc"
	xmlns:tx="http://www.springframework.org/schema/tx"
	xsi:schemaLocation="http://www.springframework.org/schema/mvc https://www.springframework.org/schema/mvc/spring-mvc-4.3.xsd
		http://www.springframework.org/schema/beans https://www.springframework.org/schema/beans/spring-beans-4.3.xsd
		http://www.springframework.org/schema/context https://www.springframework.org/schema/context/spring-context-4.3.xsd
	    http://www.springframework.org/schema/tx 
        http://www.springframework.org/schema/tx/spring-tx-4.3.xsd">
		

	<context:component-scan base-package="tot" />
	
	 <tx:annotation-driven transaction-manager="transactionManager" />

    <bean id="transactionManager" class="org.springframework.jdbc.datasource.DataSourceTransactionManager">
        <property name="dataSource" ref="dataSource" />
    </bean>

	<!-- Enable Spring MVC annotations -->
	<mvc:annotation-driven>
	    <mvc:message-converters>
        	<bean class="org.springframework.http.converter.json.MappingJackson2HttpMessageConverter" />
	    </mvc:message-converters>
	</mvc:annotation-driven>
	
	<!-- ViewResolver -->
	<bean id="viewResolver" class="org.springframework.web.servlet.view.InternalResourceViewResolver">
		<property name="prefix" value="/jsp/" />
		<property name="suffix" value=".jsp" />
	</bean>
	
	<mvc:resources mapping="/static/**" location="/static/" />
	
	<!-- MultipartResolver -->
	<bean id="multipartResolver"
		class="org.springframework.web.multipart.commons.CommonsMultipartResolver">
		<property name="maxUploadSize" value="104857600"></property> <!-- 100MB -->
		<property name="maxUploadSizePerFile" value="10485760"></property> <!-- 10MB -->
	</bean>
	
	<bean class="org.springframework.beans.factory.config.PropertyPlaceholderConfigurer">
    	<property name="location">
        	<value>classpath:/props/db.properties</value>
    	</property>
	</bean>

	
</beans>
